id,mfcc_1,mfcc_2,mfcc_3,mfcc_4,mfcc_5,mfcc_6,mfcc_7,mfcc_8,mfcc_9,mfcc_10,mfcc_11,mfcc_12,mfcc_13,lpc_1,lpc_2,lpc_3,lpc_4,lpc_5,lpc_6,lpc_7,lpc_8,lpc_9,dct_1,dct_2,dct_3,dct_4,dct_5,dct_6,dct_7,dct_8,dct_9,dct_10,dct_11,dct_12,dct_13,clarity_score,clarity_label
1,-419.63113,171.93268,-3.7166057,28.490484,-20.196417,18.081896,-24.660555,-6.455096,-8.000764,-3.2564523,-9.026079,-1.7972502,-5.951461,1,-2.478875,3.288151,-3.8465943,3.8293805,-3.1342034,2.2833064,-1.3328532,0.41261756,-78.81923,-87.30971,-103.17461,-132.42665,-148.79205,-151.87115,-156.53543,-163.70108,-154.4689,-126.29673,-114.33804,-102.841354,-77.92581,10966.22361,low
2,-384.48752,162.03667,12.112933,11.126016,-8.519559,-3.1082263,-12.121783,-16.77847,-14.60598,-5.470692,-3.802119,-4.98257,-6.5166125,1,-3.1901252,5.2911105,-6.945714,7.5071926,-6.3275237,4.4080186,-2.4280002,0.70531166,-76.30397,-74.07145,-85.0959,-120.951035,-138.93501,-140.31255,-155.00073,-153.78922,-139.77467,-126.05104,-107.015045,-80.073166,-45.3515,9216.509385,medium
3,-420.0856,201.93466,-12.542965,24.286676,-16.54675,5.4183135,-14.04208,-24.48634,-4.315743,-0.7760269,-4.101624,-6.405201,-4.4206805,1,-3.361444,5.7149906,-7.191806,7.2865076,-5.872342,3.8224235,-1.8396251,0.4565117,-76.571754,-81.06967,-90.90922,-124.779976,-149.11023,-147.22879,-160.68253,-177.42783,-158.40225,-142.59308,-137.63318,-115.45988,-63.368423,11583.95194,medium
4,-396.3632,177.09299,1.8148304,18.71269,-8.220005,-6.546866,-12.067231,-16.542059,-13.884203,-5.31396,-5.707315,-5.2733936,-5.1452484,1,-3.5272002,6.4112253,-8.589653,9.143973,-7.6163106,4.9810343,-2.413516,0.6276516,-76.94883,-74.79966,-85.96154,-123.50213,-142.08548,-145.57327,-155.54039,-156.54274,-145.45908,-136.95847,-120.98678,-90.74586,-51.29863,9994.581928,low
5,-382.5443,180.97142,-1.6833134,22.13861,-7.2537613,-5.152856,-12.505639,-17.154564,-15.366761,-7.0001016,-6.0611,-4.4702463,-6.0214124,1,-2.9196827,4.405663,-5.2964277,5.2432094,-4.079713,2.6624384,-1.4120814,0.4177859,-72.69457,-67.00063,-80.26047,-120.382675,-136.82677,-139.45306,-151.26552,-151.81676,-144.06516,-136.06566,-122.24133,-92.8853,-53.355816,9519.213552,low
6,-332.31277,167.09392,-10.157691,25.283886,-10.852291,-3.1334138,-17.886414,-16.840399,-16.095402,-8.950901,-5.5812874,-5.4153304,-7.85248,1,-3.2691295,5.4921803,-7.0297585,7.377969,-6.1743655,4.2460203,-2.271063,0.6507391,-67.31303,-53.399765,-65.08388,-103.77696,-119.81435,-118.99675,-130.45804,-131.53302,-128.7637,-121.78783,-110.67201,-91.140015,-55.63994,7386.561386,medium
7,-358.68964,183.28465,-6.249808,13.950633,-10.300084,-8.68997,-8.679013,-15.154993,-16.274082,-6.7227807,-3.7127228,-2.3385272,-5.737682,1,-2.7136734,3.4561734,-3.4916234,3.4445553,-3.0503721,2.319175,-1.3435695,0.40626267,-68.037865,-63.099728,-69.78325,-106.05045,-122.861145,-130.21278,-148.43294,-145.63368,-140.35631,-135.43579,-121.27526,-89.64104,-50.291203,8618.89855,low
8,-396.37006,183.80478,0.77998585,15.793834,-12.807862,-1.9431206,-9.25564,-18.664566,-14.531676,-9.176453,-6.3699803,-2.456714,-3.775689,1,-3.0164685,4.4552298,-4.9591436,4.6588936,-3.6060452,2.3749616,-1.2389385,0.34829774,-76.263824,-73.868675,-83.35865,-123.78181,-135.69696,-144.96838,-160.83096,-160.73306,-148.92499,-135.11789,-123.36884,-94.890114,-52.607185,10123.45015,high
9,-349.17313,176.68336,-7.606606,17.224867,-4.078073,-9.423479,-14.271618,-17.45132,-15.998511,-8.537024,-5.038606,-5.1993556,-7.436142,1,-3.3222678,5.594569,-6.9998646,7.169922,-5.875409,3.8620868,-1.9656374,0.5584547,-69.422295,-57.560593,-68.227875,-106.980774,-124.13405,-125.03714,-138.08324,-139.68782,-138.31042,-133.14183,-117.25174,-87.97345,-48.414993,8142.796067,high
10,-371.82416,188.08704,-5.909564,21.940903,-15.6404915,1.1595738,-18.474867,-12.49912,-20.0171,-7.403744,-0.99476963,-5.669168,-4.0206237,1,-2.4104652,3.06667,-3.7970805,3.8478332,-2.8228545,1.9601169,-1.1455436,0.32731256,-69.68867,-64.02787,-72.09657,-113.83967,-130.23085,-134.20233,-152.3667,-151.45935,-143.69241,-138.20622,-115.895226,-99.22575,-64.2597,9259.490222,high
11,-354.7351,170.297,-0.773117,15.41116,-2.253617,-9.780791,-14.376478,-19.83799,-17.811317,-6.668425,-5.917654,-5.7629223,-5.7303543,1,-3.0930073,5.784571,-9.506525,12.721922,-13.131622,10.934952,-6.7601733,2.097838,-71.53957,-60.140594,-69.919754,-112.18695,-128.22516,-127.47815,-139.55191,-142.9036,-135.8852,-131.21783,-113.88394,-82.07463,-45.312126,8237.354453,high
12,-423.7452,177.09477,0.48498672,23.78875,-19.856182,20.604149,-22.291098,-11.365084,-10.447531,-3.7309186,-9.599597,-6.233126,-8.321198,1,-2.4940698,2.999854,-3.2880998,3.400034,-2.7951746,2.1100507,-1.3963355,0.4781256,-81.43478,-82.82136,-104.31204,-133.41881,-149.4131,-150.9733,-162.19954,-172.30605,-155.93643,-128.12962,-114.48784,-102.55939,-74.8982,11229.76736,high
13,-370.5868,168.11801,2.1747444,6.4555407,-6.2388406,-3.7261403,-11.720299,-20.928099,-18.172537,-5.290601,-3.4590833,-4.584863,-5.8926663,1,-3.359898,6.4102397,-10.131139,12.992165,-12.868075,10.280311,-6.115,1.8289396,-75.952774,-70.000465,-76.999664,-115.71037,-129.78305,-128.85683,-149.89392,-152.9018,-139.8209,-129.97784,-111.39508,-80.94336,-44.859,8775.435887,high
14,-348.89072,175.07986,-9.351362,11.289889,-2.2513409,-7.8054605,-12.8705435,-21.454914,-19.28187,-6.9646125,-4.2872553,-4.2320533,-5.053656,1,-3.2273664,5.669185,-8.166121,9.935816,-9.686881,7.763756,-4.6957016,1.442706,-71.022156,-60.620373,-66.72816,-109.01376,-121.064926,-119.74255,-138.41235,-143.41171,-137.72748,-133.93698,-117.24747,-84.86933,-46.188885,8098.645587,high
15,-461.37524,184.52574,17.936312,13.778546,-22.900726,13.299649,-12.1505375,-15.248284,-5.1622834,-2.6482162,-5.9039397,-6.813339,-4.557026,1,-2.519412,2.990488,-3.0894551,3.0980482,-2.6256783,2.2493608,-1.6451818,0.56464696,-85.20733,-96.28546,-112.42584,-140.71674,-162.4866,-171.84274,-184.84998,-191.68396,-163.31628,-134.30722,-118.90277,-101.22978,-61.102997,13111.04738,high
16,-473.00626,175.04146,6.552903,10.905154,-15.8629,22.547937,-14.040991,-14.716425,-14.673172,-1.7918975,-0.41525736,-6.044187,-3.4861114,1,-2.0085852,2.0208368,-2.3637466,2.3627532,-1.8047607,1.5228169,-1.0497391,0.34555408,-91.24533,-107.57336,-121.834854,-153.16711,-162.28577,-160.23013,-184.90451,-191.81088,-164.70514,-140.62408,-115.41046,-100.737564,-66.43635,13464.08324,high
17,-396.57724,166.40257,13.132935,16.171638,-12.486196,-1.4614689,-6.563555,-15.292892,-8.654902,-6.3661685,-6.2376213,-1.7162368,-4.6746135,1,-3.0801232,4.5759134,-5.173134,5.018968,-4.09992,2.9970427,-1.6901574,0.46223804,-73.31022,-78.22478,-90.86109,-124.282364,-140.69618,-149.86182,-160.21353,-157.2125,-142.42834,-123.87291,-113.90918,-85.94375,-46.754955,9813.035486,high
18,-404.96735,187.96024,-8.077469,39.928787,-7.395454,8.406506,-30.27581,-8.20314,-10.514233,-3.876748,-8.553758,-5.904604,-12.10792,1,-2.793594,3.7287982,-4.0091667,4.008285,-3.4398818,2.6004665,-1.5590496,0.47770274,-73.1042,-68.19489,-93.60966,-128.46077,-154.43073,-146.28058,-147.17819,-154.95773,-157.17365,-138.64221,-122.823715,-106.20339,-77.50318,10699.57872,high
19,-453.16086,164.00986,24.950539,24.89754,-25.593855,17.906979,-11.421283,-17.710127,-3.9533627,-4.623669,-11.279643,-4.1354384,-6.5806737,1,-2.5366426,3.0154898,-3.0309992,2.801886,-2.3516119,1.9569943,-1.1235688,0.2774082,-85.061615,-93.4476,-116.21011,-146.899,-164.17258,-171.99423,-179.30794,-182.10905,-151.46713,-115.2453,-112.84581,-97.33896,-61.695156,12384.61862,high
20,-418.99258,161.10423,7.3386045,42.745277,-16.245085,7.8868623,-21.339293,-8.549183,-11.319673,-8.245638,-10.203936,-6.831269,-5.8073306,1,-2.0696187,2.253788,-2.6931403,2.7492979,-2.1274903,1.600353,-1.1566108,0.47529483,-80.00414,-79.7233,-103.773384,-141.38556,-157.22217,-160.51865,-155.39386,-153.03754,-141.74228,-124.24353,-111.96351,-100.47103,-69.99956,10773.24795,high
21,-467.54703,175.59116,20.167704,35.64675,-19.535423,16.440517,-12.011025,-7.485286,-8.139884,1.5440627,-9.587034,-4.9463315,-6.401068,1,-1.9493914,1.8203628,-2.0654893,2.18839,-1.9567736,1.6669523,-1.0017588,0.31695175,-79.395035,-94.703,-122.915596,-151.80135,-172.67288,-177.79608,-181.92233,-181.52328,-155.00412,-131.51096,-120.79436,-100.649956,-72.43672,13337.74432,medium
22,-457.0082,173.81856,10.657567,23.11109,-15.479902,10.798561,-13.510628,-13.938651,-5.8136616,-5.8351536,-9.010891,-3.6921654,-7.5241055,1,-3.1623125,5.0122724,-6.227739,6.469986,-5.441932,3.9471736,-2.153749,0.56438667,-86.92918,-95.47789,-116.41599,-146.34927,-163.39084,-168.1329,-175.1191,-177.71922,-160.82715,-131.68643,-121.53434,-100.04902,-61.82872,12674.04618,low
23,-409.20355,159.93802,15.742425,13.309482,-8.406178,-1.6242443,-11.911466,-14.556727,-10.412037,-6.830773,-5.288596,-4.3299875,-6.628894,1,-2.4907322,3.2492757,-3.858109,3.8718677,-3.053349,2.2412899,-1.3554126,0.42109883,-80.4877,-82.900406,-97.046036,-130.31914,-148.26004,-151.96628,-161.21495,-159.02925,-146.06628,-126.54291,-108.53162,-82.3533,-45.92128,10205.88073,low
24,-358.7367,140.71645,-2.2835448,23.042751,-15.34296,2.272519,-19.170666,-13.683296,-4.231457,-5.649011,-6.3904834,-4.3147225,-12.254713,1,-2.4871159,3.0941315,-3.4758008,3.6667442,-3.1378713,2.4203348,-1.6148231,0.5680453,-76.555786,-73.46057,-87.42521,-110.104614,-133.81491,-129.3258,-133.27551,-134.41736,-129.1629,-106.64063,-101.05739,-86.40647,-53.522976,7858.066524,high
25,-365.21982,139.93022,10.317981,29.091356,-27.040808,-9.897111,-15.502029,-15.883552,-5.2149177,-16.116571,-8.354901,-0.82050097,-12.323886,1,-2.8772116,4.1144104,-4.6351786,4.5962877,-4.039216,3.1763191,-1.8400052,0.5252488,-82.38255,-71.41889,-81.05976,-113.17093,-137.40161,-146.11957,-145.70058,-128.42567,-125.52524,-100.092865,-102.93193,-88.62557,-48.03472,8128.789967,low
26,-486.50198,180.10388,22.397305,3.6781976,-20.787985,5.7064333,-4.2447815,-14.494342,-7.955623,-5.045958,-3.6397932,-6.4507155,-7.4977694,1,-2.7515678,3.5011187,-3.4770172,3.3253722,-3.0844522,2.5135834,-1.2935909,0.27751732,-95.61177,-107.86231,-123.354324,-147.18443,-167.96951,-179.79187,-199.29663,-195.42471,-167.79489,-141.1337,-121.12758,-95.15782,-51.228477,14217.41852,high
27,-477.5777,168.75444,18.003168,15.963525,-17.768553,11.1882515,-15.228334,-17.330929,-8.755341,-7.207,0.9722025,-6.5479937,-5.64583,1,-2.8797054,3.9330876,-4.4057093,4.3009443,-3.1947708,2.2808385,-1.5029627,0.478064,-94.62632,-106.9079,-120.16455,-154.11034,-172.71515,-171.53519,-187.22145,-185.89372,-162.83572,-135.16516,-112.84633,-100.77872,-56.595337,13567.56045,medium
28,-367.85733,138.40562,13.3201,15.1805,-15.863113,-2.9106727,-22.23116,-15.455132,-5.9201016,-14.304382,-4.140971,-4.265645,-12.259584,1,4581.735,-8956.6,4644.342,-42.25995,-4603.9697,8552.501,-3874.369,-301.62375,-82.734055,-73.46568,-84.192375,-114.955154,-138.48508,-138.33832,-143.26053,-136.7319,-134.81201,-105.36525,-91.79875,-81.0606,-44.131332,7749093.002,high
29,-377.5857,145.7711,15.476517,17.568829,-6.9348598,-3.4829204,-23.638409,-14.868912,-2.4458878,-14.041723,-6.235264,-1.7971638,-12.040316,1,-3.2108734,5.337165,-6.888296,7.3607254,-6.3250256,4.5007935,-2.4576836,0.7031092,-78.838066,-72.732635,-87.25963,-120.61827,-144.6244,-143.05795,-142.62173,-139.93222,-143.94742,-110.15431,-97.13405,-80.565094,-42.96301,8684.736915,medium
30,-372.12015,143.0159,8.555674,11.115008,-5.371961,-8.994613,-21.236675,-9.363426,-8.568165,-12.2814245,-7.794734,-4.3060675,-11.349386,1,-2.6543598,3.483302,-3.9370413,4.2426705,-3.7756042,2.8348567,-1.7561535,0.590859,-82.84448,-74.4643,-87.3421,-115.884186,-136.8831,-139.95032,-140.02701,-135.63489,-140.3204,-117.728455,-97.36162,-74.33176,-43.090416,8365.07236,low
31,-354.212,174.25143,1.7805599,14.750318,-15.225247,1.5981224,-23.012018,-11.064016,-7.339369,-8.811306,-6.429747,-7.9584837,-14.609138,1,-2.6399841,3.3501334,-3.7564535,4.004614,-3.3240886,2.4896235,-1.6795225,0.5809099,-71.07952,-56.877937,-75.224075,-99.93327,-129.12471,-131.62665,-142.0136,-145.6736,-144.75027,-121.523544,-104.83276,-90.28685,-56.603973,8282.657157,low
32,-372.97916,146.24281,17.871023,11.648058,0.8988077,-9.541167,-19.589796,-9.356079,-7.8789177,-10.3342285,-7.430596,-4.494904,-11.914168,1,-2.832795,4.0624037,-5.0121922,5.594756,-4.9762526,3.9268491,-2.667349,0.93283933,-76.78668,-69.83911,-87.77285,-117.782425,-141.46255,-142.34491,-142.10855,-138.22467,-141.79807,-119.142426,-96.61447,-69.51171,-38.883194,8495.513575,medium
33,-399.4716,156.63466,14.832089,16.935785,0.95978934,-1.7454572,-16.824575,-7.476988,-11.413698,-5.7851624,-5.1863184,-4.6863294,-11.016375,1,-2.2149131,2.0951898,-2.1322765,2.648318,-2.3090975,1.7466371,-1.3437529,0.5404756,-76.061646,-76.925255,-98.77171,-128.58002,-149.65889,-147.15231,-153.11646,-149.49744,-147.24796,-128.96959,-104.29135,-76.97839,-48.383423,9756.023647,medium
34,-389.91696,146.58461,14.820483,18.088373,-0.32744938,-9.7130995,-16.845974,-8.366652,-5.603902,-8.746203,-5.7744365,-4.401029,-12.064453,1,-2.6800425,3.3784766,-3.51121,3.669273,-3.3862062,2.7175436,-1.7621338,0.59792656,-78.28669,-77.28927,-96.31998,-123.35309,-148.91232,-148.17563,-146.33707,-139.91006,-142.3945,-122.15853,-102.348145,-75.686005,-41.29029,9180.107724,low
35,-512.32587,184.87177,18.923164,3.3862941,-10.932701,7.607521,-12.172156,-13.002669,-7.285316,0.063937515,-5.4817348,-8.816911,-5.771053,1,-2.3270621,2.6911218,-3.0774283,3.209095,-2.6305459,2.0368602,-1.287452,0.40835214,-100.10555,-116.19258,-133.20764,-157.77402,-180.31653,-185.19556,-197.43253,-205.87427,-179.32819,-153.10141,-124.80356,-95.2045,-56.046677,15646.85498,low
36,-445.5997,148.43008,22.934969,10.401867,-1.7484851,-4.8329024,-8.042617,-10.624444,-14.043735,-3.0857935,-2.763998,-7.4516435,-9.251525,1,-2.7653527,3.161948,-2.5612864,2.6461284,-3.0554433,2.751852,-1.6408463,0.4737524,-90.3268,-98.14476,-117.33194,-144.67377,-164.41699,-162.62875,-173.06845,-164.65091,-147.91006,-134.92273,-106.81178,-74.41693,-41.519104,11630.15959,medium
37,-404.23535,147.7277,23.597546,8.717304,-3.883001,-4.776303,-17.254631,-10.927378,-11.374779,-9.773352,-7.133052,-5.5051785,-11.440454,1,-2.3613591,2.5049899,-2.7209294,3.1511612,-2.699332,2.1381974,-1.5504055,0.55379754,-84.9415,-80.07411,-98.58729,-129.49417,-150.21828,-152.30972,-157.89287,-152.14095,-146.47385,-122.29643,-97.825516,-71.35854,-41.541702,9780.002206,medium
38,-415.6494,164.59018,2.515697,19.274387,2.4743063,-12.096804,-27.705048,-7.60737,-1.8230623,-11.526312,-10.309891,-3.2441547,-9.606295,1,-2.859407,3.7220974,-3.6481194,3.586996,-3.3459215,2.6845632,-1.6671325,0.5404593,-86.1765,-84.03662,-98.46789,-129.97292,-156.07523,-157.96222,-144.9699,-148.67857,-162.19379,-136.16153,-114.827545,-86.85128,-49.69461,10569.70723,medium
39,-345.95193,163.27345,-3.6341012,12.985631,-14.726944,-11.581794,-25.180426,-15.8128805,-8.54603,-7.424058,-6.8484817,-6.98213,-15.996165,1,-2.6420844,3.1686823,-3.1142702,3.1986933,-2.9717956,2.47714,-1.6221659,0.52882767,-79.44024,-60.418915,-69.10138,-95.558876,-130.10092,-127.519226,-134.36539,-136.10797,-137.96567,-120.05251,-106.92036,-84.78978,-50.345497,7741.164238,high
40,-456.54504,158.79485,25.240341,6.108131,-19.846985,4.6339974,-15.332897,-14.704493,-5.047278,-7.293842,-2.1770542,-6.8688626,-14.629113,1,-2.4846857,2.8496902,-3.1183133,3.3232613,-2.775651,2.3395329,-1.6064777,0.4873921,-96.42583,-99.86002,-116.5133,-138.0398,-167.57306,-168.07681,-183.34851,-177.4195,-159.46863,-124.99768,-105.01709,-88.035866,-48.74517,12326.76872,medium
41,-384.9902,143.6565,4.357205,15.835298,-4.806313,-9.031635,-24.640814,-12.304411,-6.6278315,-12.737014,-10.172451,-5.0530367,-13.542289,1,-2.569675,3.1247935,-3.263323,3.4617424,-3.1604977,2.5389793,-1.7290026,0.62169874,-88.767845,-77.3323,-92.41502,-121.26695,-144.16031,-143.05421,-139.11813,-137.88956,-144.12263,-118.76113,-102.532,-79.351074,-45.835857,8880.029605,medium
42,-415.69363,139.42892,24.73683,12.654917,-4.2616515,-3.1216292,-19.354994,-10.855643,-7.728032,-12.296067,-8.793014,-3.5125036,-10.420575,1,-2.3135173,2.430702,-2.6764176,3.0369885,-2.489377,1.9472241,-1.4482161,0.5275159,-88.53488,-86.70834,-105.057274,-137.13887,-155.42142,-158.10565,-157.18794,-151.1996,-147.95471,-117.242004,-96.42461,-72.92988,-42.035812,10142.98471,high
43,-421.0928,139.45155,20.82239,11.220167,-4.3906837,-2.288673,-8.778195,-11.506847,-9.538483,-4.1359663,-4.1658673,-5.638748,-8.798064,1,-2.3194168,2.5456245,-2.8226228,3.1527166,-2.7346728,2.179377,-1.5227374,0.54481626,-85.65685,-93.461334,-111.111534,-136.46405,-155.1442,-154.51755,-162.03592,-156.10153,-140.93295,-122.61847,-101.449875,-73.272255,-40.331726,10369.76901,low
44,-364.62665,130.54628,12.056525,15.3504305,-8.567503,-3.4613876,-26.60037,-11.076937,-4.7790303,-13.290564,-7.998247,-3.98268,-11.093533,1,-2.6892893,3.5599546,-4.1769886,4.637302,-4.0910873,3.197864,-2.1732817,0.7631858,-82.51821,-74.37097,-87.005875,-116.76759,-138.29803,-137.97052,-133.59268,-131.85193,-135.501,-105.07132,-88.33128,-74.58406,-44.599503,7909.312569,high
45,-387.86282,113.212105,16.377094,21.09224,-17.349918,2.3850782,-23.448921,-16.273645,-6.81088,-8.089597,-9.635012,-4.759656,-9.8800125,1,-2.4165125,2.8578174,-3.1858618,3.557228,-3.1143386,2.387292,-1.7195555,0.6799774,-91.81508,-88.09345,-99.906395,-129.73003,-148.87317,-144.43274,-140.81827,-138.68768,-125.26257,-95.44034,-87.05446,-74.79041,-48.503563,8584.562489,low
46,-368.25876,144.3653,14.420942,10.918136,-8.451314,-4.9028416,-23.890902,-11.152498,-8.442499,-8.272375,-6.2271647,-6.3459873,-11.120509,1,-2.7134547,3.7086606,-4.689659,5.2521267,-4.3974156,3.2845778,-2.060512,0.63268954,-79.699455,-71.54573,-84.23409,-113.261566,-139.24637,-138.6795,-140.91617,-140.70071,-137.96484,-114.58923,-92.71484,-73.76505,-45.207924,8262.413309,high
47,-378.43832,135.50035,-14.673363,35.399437,-23.377842,25.423399,-19.99256,6.5818124,-12.586498,5.7295246,-5.575704,2.5181823,-10.292957,1,-2.040054,2.1879184,-2.4142504,2.4272306,-2.194232,1.8976641,-1.2523518,0.41970745,-70.38717,-89.9934,-107.54289,-120.19732,-133.90956,-129.08292,-139.4948,-134.49043,-127.58432,-108.42644,-99.93925,-90.95227,-86.68305,8695.924033,low
48,-375.47943,146.80635,11.661884,11.733017,-8.11157,-5.157698,-23.863153,-11.664439,-8.677024,-8.824391,-6.4676523,-5.6274977,-12.878008,1,-2.5752313,3.2854483,-3.839412,4.235123,-3.6795688,2.8838959,-1.9776516,0.69730383,-82.24806,-73.36986,-86.923325,-115.44646,-141.60924,-139.62955,-143.11232,-141.76353,-141.13245,-116.9102,-96.50282,-76.043304,-46.477917,8573.218313,high
49,-378.97754,154.90266,5.9181013,12.794825,-7.4260235,-5.9637475,-20.796875,-10.628706,-7.6812515,-7.6185308,-7.2139792,-4.772729,-11.624986,1,-2.4220345,2.8259795,-3.2983217,3.7313867,-3.1035066,2.404621,-1.7641212,0.6502678,-80.178795,-74.44412,-87.81737,-114.75348,-139.90393,-140.62698,-143.76965,-143.79074,-143.88373,-122.38998,-104.11549,-79.913895,-48.241745,8842.891499,medium
50,-370.1065,132.12302,8.608188,19.385315,-12.065094,-4.2323656,-17.767311,-13.655741,-6.939683,-8.262905,-8.199053,-4.4046273,-9.656154,1,-2.6346104,3.4198601,-3.7894366,4.0028195,-3.6257648,2.906518,-1.8793103,0.6291354,-81.866234,-77.71187,-90.18286,-118.26449,-138.52216,-138.6303,-137.97006,-134.8978,-128.27486,-106.97443,-96.88415,-77.31879,-45.649807,8136.515209,medium
51,-378.59976,114.074814,-12.994827,46.777695,-32.388073,9.657392,-16.94033,-13.055667,-14.484999,1.7549158,-11.713526,-0.31199333,-9.039145,1,-2.2440605,2.8643978,-3.098402,2.8694322,-2.6942124,2.1408858,-1.2384075,0.45162314,-87.99306,-91.780716,-101.689156,-128.03339,-141.36124,-134.06616,-134.86891,-126.82518,-106.41894,-94.111824,-105.78662,-92.36123,-75.533554,8358.9234,high
52,-377.39944,108.43517,-1.8847277,44.673573,-33.362972,6.3994517,-11.312525,-14.581205,-13.295572,2.479591,-10.056213,-3.140269,-8.592779,1,-2.37835,2.9206583,-3.140146,3.1186893,-2.888751,2.3565612,-1.3927288,0.4421132,-86.432816,-90.75973,-102.301025,-126.95018,-143.30096,-137.92221,-139.02428,-128.01067,-99.892876,-90.45207,-101.068954,-87.3739,-66.92455,8224.755766,medium
53,-359.69812,118.74064,11.83171,36.264122,-28.606314,-0.6439133,-11.841368,-14.473104,-9.354832,-8.528236,-9.637481,-5.336282,-9.304152,1,-2.504351,3.3155787,-3.7049112,3.5637872,-3.0678582,2.3471136,-1.3481197,0.4320281,-80.59442,-74.55972,-89.88759,-118.46326,-136.73447,-141.21397,-139.60541,-125.86682,-107.06737,-90.86868,-94.05261,-83.46512,-52.944584,7639.276351,low
54,-507.58154,181.88211,6.3883,23.27371,-28.155972,25.478704,-21.267567,5.001365,-17.312538,2.62319,-6.7340665,-10.31335,-6.6851716,1,-0.5717439,0.49226135,-1.5614977,0.8138081,-0.7862465,0.88491654,-0.51924324,0.33355507,-98.0163,-114.99611,-138.86525,-157.66898,-175.48288,-183.9147,-195.9046,-196.13269,-170.1792,-150.20035,-117.576355,-107.46855,-91.59798,15446.66108,low
55,-388.4411,139.19647,39.14423,21.848738,-11.45968,-3.2717865,-17.918373,-12.2980995,-12.688534,-8.289471,-18.472837,-2.6562953,-10.975579,1,-1.6267033,1.5392046,-2.065172,2.0286987,-1.7576201,1.4224122,-0.9490055,0.45163637,-79.40043,-67.44209,-91.974625,-130.5394,-150.63518,-159.45963,-154.4133,-146.81693,-133.081,-103.75964,-94.52499,-64.18025,-46.735203,9105.072467,low
56,-365.21002,141.0702,32.114136,12.600378,-8.1115465,-3.1529782,-19.292435,-17.403116,-9.142031,-3.911443,-15.722976,-2.4991536,-12.77406,1,-1.9568543,1.6811233,-1.9069866,2.1735032,-1.8651558,1.7173226,-1.1787546,0.35857674,-75.28254,-63.313705,-82.8467,-117.01192,-142.59299,-143.38513,-144.36383,-146.12823,-132.84244,-101.929474,-94.045105,-61.5745,-41.773666,8168.580432,low
57,-425.85547,158.79639,7.1431317,19.612043,-9.647022,14.569778,-18.83883,-7.0593657,-12.772014,7.175614,-17.26959,-6.5499864,-8.372311,1,-1.5569284,1.1092361,-1.9129936,2.2171752,-1.356074,1.2376492,-1.1317827,0.43581986,-82.946434,-88.201706,-113.569855,-136.11853,-153.43747,-153.31192,-155.66852,-169.97794,-147.75952,-127.12698,-112.44254,-81.01729,-69.861694,10954.331,low
58,-330.47342,138.62367,1.6795435,32.937637,-12.0158205,2.1103427,-37.452023,3.197533,-18.285479,11.179723,-28.630188,-0.965187,-8.254886,1,-1.1733929,0.59218633,-1.5729263,1.7820988,-0.97190094,0.869537,-0.98060066,0.5044444,-68.3248,-57.78573,-74.82065,-104.75441,-129.31525,-131.65103,-111.72402,-125.40127,-120.38233,-105.810295,-97.33513,-61.686604,-81.35355,6951.497539,medium
59,-503.64658,160.61058,41.806816,5.0429144,-9.710049,4.6883616,-6.269042,-8.005013,-8.485699,-3.3269618,-8.6205,-4.732863,-7.9562488,1,-1.7044748,1.3750603,-1.9951789,2.2551372,-1.6276003,1.4595323,-1.1485196,0.41060284,-96.68543,-112.94624,-136.87224,-161.91258,-181.37607,-192.35352,-200.53409,-193.48077,-167.84616,-136.28616,-110.69295,-77.00871,-46.493107,14809.17336,low
60,-519.5764,168.72754,41.18909,5.201442,-13.580195,7.776892,-2.7222302,-3.2113514,-9.6389,-4.1609464,-6.6031413,-5.960451,-8.059217,1,-1.7267455,1.2001312,-1.7855076,2.203125,-1.4229742,1.3150347,-1.1347325,0.36294982,-97.24391,-116.92948,-143.73825,-164.5853,-182.92615,-198.82648,-211.03314,-199.3605,-172.44095,-142.95578,-113.47165,-82.84391,-51.05445,15826.79141,medium
61,-458.14767,130.32056,43.951557,3.2171824,-6.8101535,2.0141797,-7.931827,-7.602209,-7.2907763,-3.5284567,-9.908067,-4.054984,-7.6512957,1,-1.5668371,1.1095049,-1.6133991,1.8753493,-1.391571,1.1741195,-0.9166193,0.3732182,-92.474594,-105.998795,-127.37862,-150.64424,-168.07564,-176.58336,-178.74918,-171.59262,-148.56511,-116.868454,-93.46791,-61.70933,-37.787766,12015.00589,low
62,-383.11304,144.54703,27.122341,15.689842,-8.515024,0.35362056,-19.956934,-15.076204,-10.427951,-2.3406715,-20.71554,-0.35770568,-10.485691,1,-1.6014947,1.2964067,-1.668599,1.8280735,-1.611681,1.2686874,-0.8956556,0.4345506,-78.566605,-70.01909,-90.1418,-125.314316,-145.31976,-149.64325,-146.74274,-151.63074,-137.89078,-105.929985,-100.95575,-64.33838,-49.95516,8917.141424,medium
63,-456.7074,158.85025,38.958344,7.684332,-6.0055676,4.269678,-8.635821,-5.758646,-8.096616,-3.1559534,-9.638137,-4.22764,-11.955688,1,-1.7988032,1.4484237,-1.6547514,1.7951624,-1.5936469,1.3668926,-0.7789115,0.23859817,-84.4306,-93.537285,-122.177,-144.8675,-167.54874,-175.5503,-183.51299,-176.91179,-159.39099,-128.43945,-105.11229,-71.71533,-46.1782,12427.8034,medium
64,-405.83,164.23596,33.062813,8.756287,-3.1304982,3.727612,-18.806,-16.692251,-3.5891418,-3.382687,-21.197088,1.3225724,-14.007853,1,-2.031279,1.7413018,-2.0187755,2.4315317,-1.9193121,1.5842175,-1.1300322,0.3566206,-76.41834,-70.144485,-96.50995,-128.50392,-152.8447,-157.50461,-158.09229,-167.84723,-157.76892,-113.179405,-108.6841,-67.55394,-46.582855,10231.4981,medium
65,-498.9971,155.2064,33.26385,13.590133,-20.503996,13.444571,-9.249243,-0.43905443,-14.10014,-0.21092851,-10.5616255,0.60925204,-13.423473,1,-1.2291807,0.7399864,-1.6002243,1.6387099,-1.0816724,1.0087726,-0.77979547,0.3634584,-97.452866,-114.49904,-140.05533,-159.58751,-178.27667,-187.40916,-201.3486,-185.13492,-163.07149,-129.18134,-110.63985,-79.68884,-65.367035,14472.74356,low
66,-447.87625,164.32079,31.463612,8.435263,-5.536103,8.128147,-14.786328,-10.291782,-0.0849273,-2.300364,-22.198532,-2.1419826,-9.694553,1,-1.9933434,1.7365723,-1.9562687,2.2440746,-1.9051472,1.6374135,-1.1115158,0.36031651,-83.915886,-88.71684,-117.84258,-141.5286,-161.80528,-174.58475,-169.07709,-181.23273,-164.99594,-121.77724,-112.37605,-74.044716,-50.854908,12097.01031,high
67,-390.34076,138.59369,33.895557,11.551903,-7.576499,-4.390613,-16.261038,-13.73284,-8.858068,-3.6613867,-16.449785,0.23830354,-11.173092,1,-1.8407584,1.5953544,-1.869931,2.0131803,-1.7640334,1.5206134,-0.9012917,0.27695617,-79.92249,-75.5775,-93.762985,-126.40349,-149.14108,-153.9993,-152.79953,-150.39688,-137.80179,-105.91782,-97.34242,-60.326447,-41.906002,9117.436864,low
68,-472.80655,162.30489,39.13256,3.5504446,-12.255667,6.6803503,-10.094174,-8.994807,-10.125745,-0.30858207,-14.120705,-3.8791122,-7.2171135,1,-1.3151604,0.80938053,-1.668767,1.7278033,-1.0772177,1.1347989,-0.9357612,0.35793617,-91.00806,-101.06373,-123.221924,-149.95216,-169.16406,-182.13591,-188.92032,-189.33835,-162.04768,-129.52045,-108.646286,-72.444885,-50.959587,13260.76841,low
69,-438.98022,139.98969,42.855427,4.247941,-7.4788637,2.0839984,-5.1515975,-11.520993,-9.857572,-2.6040297,-8.322474,-4.562576,-8.184221,1,-1.9540308,1.7235944,-1.8307862,2.0863872,-1.9031081,1.5060003,-0.9036193,0.30426174,-85.28114,-94.713394,-116.6494,-143.12334,-161.37604,-168.19804,-177.35835,-170.6007,-144.62419,-117.33615,-96.374695,-63.646305,-37.213367,11278.33754,low
70,-514.0519,195.52701,19.81572,8.600239,-14.52316,9.039406,-10.275555,-8.69262,-8.037201,-0.33791178,-9.03592,-7.4361224,-5.7685785,1,-1.3513042,0.94347095,-1.8106595,1.9876759,-1.2896132,1.0889504,-1.0141973,0.49100256,-95.734764,-111.355774,-132.69864,-157.09369,-178.77002,-191.173,-201.69574,-207.21445,-181.53043,-155.232,-130.16211,-98.726494,-62.75899,15998.67765,high
71,-465.90027,192.85788,33.657764,-2.1578226,-2.011928,5.982587,-2.6259232,-16.879166,-6.959513,-3.467111,-8.842301,-5.258789,-8.087158,1,8.497171,-33.70998,54.66502,-63.15104,63.51663,-56.472378,37.2921,-11.637278,-80.34604,-88.494385,-114.90283,-144.07217,-163.102,-173.49487,-192.22993,-198.73259,-174.71576,-143.84868,-122.12082,-81.99678,-41.317398,14098.58588,low
72,-491.4264,185.53949,35.802505,-5.671541,-1.8350185,4.4422603,-10.679221,-10.101138,-8.936924,-1.815536,-10.039395,-4.08987,-7.0880623,1,-1.9485285,1.3524265,-1.7397481,2.5634098,-1.74296,1.322655,-1.3844969,0.58423877,-90.38808,-102.58813,-124.08829,-152.66875,-173.22147,-184.11064,-196.42337,-201.95438,-181.79936,-148.46988,-117.839035,-76.8306,-46.642616,14641.17798,high
73,-392.642,162.64784,24.300543,12.943895,-0.75076723,1.8887247,-21.025095,-14.607038,-7.1544814,0.5019447,-18.98271,0.41883537,-6.966192,1,-1.6227244,1.0907831,-1.6629335,2.052239,-1.3878386,1.1758385,-1.0395781,0.41896972,-71.95196,-70.75141,-89.78073,-126.73619,-147.73907,-151.13037,-147.79376,-161.82971,-150.37512,-118.06616,-108.29848,-68.30824,-50.48471,9628.358059,high
74,-508.20816,189.46266,11.599886,18.769817,-18.609432,16.052292,-9.133984,-11.768178,-6.0349264,-4.9210143,-2.8605833,-6.735151,-4.6927443,1,-1.3852346,0.86772114,-1.7691686,2.0747452,-1.21171,1.0787293,-1.1219361,0.5003537,-93.48903,-112.95161,-133.53687,-160.24287,-176.53394,-183.96826,-198.41109,-200.25648,-175.5904,-148.59747,-128.55208,-111.345764,-65.556145,15582.37975,medium
75,-473.84134,182.32451,26.278322,20.579317,-10.067411,15.384639,-11.071549,-11.023337,-7.7672224,-5.1489034,-11.889577,-8.166464,-4.5465617,1,-2.0994275,1.962395,-2.3713415,2.7981336,-2.192665,1.8405219,-1.4304751,0.50276226,-82.91536,-91.79706,-122.98216,-155.24908,-168.90344,-179.83418,-184.76143,-191.57335,-166.59044,-138.00418,-118.51575,-95.17395,-60.36241,13724.81768,low
76,-451.92343,168.73834,14.734442,18.258823,-6.480856,4.0154805,-9.4760685,-0.7754713,-13.618431,0.7029462,-9.050712,-7.3033113,-9.725258,1,-2.3308008,2.862569,-3.3264067,3.3833551,-2.8126278,2.0102115,-1.172915,0.40019044,-83.73297,-93.622795,-121.45213,-142.00952,-161.78957,-168.11433,-174.93286,-170.9338,-155.75383,-142.38612,-116.71871,-83.97806,-60.511467,12322.45233,low
77,-402.7452,154.9897,27.3283,10.228759,-4.343171,2.515347,-15.552843,-13.411391,-8.523651,0.90598094,-17.810814,-2.8916419,-8.349688,1,-1.850069,1.6316147,-1.9626187,2.1764407,-1.8322437,1.5337458,-1.0264624,0.3580018,-77.009125,-76.411995,-98.35594,-128.88025,-149.35736,-154.478,-154.62427,-164.16364,-146.01178,-117.14112,-105.34918,-66.71471,-48.1587,9895.343064,low
78,-414.02078,133.52383,42.450676,13.467932,-5.281915,1.9749787,-10.603103,-13.558652,-8.00842,-5.9891953,-8.81834,-6.4519243,-8.72612,1,-2.3683422,2.674859,-2.789941,2.9868875,-2.7939408,2.2914548,-1.4920627,0.5060438,-80.4429,-82.90982,-108.222176,-139.31964,-158.42776,-161.07198,-163.42297,-158.60263,-137.0454,-109.20389,-90.40307,-65.176186,-36.726055,10082.97051,medium
79,-380.92087,156.05933,20.661314,19.612198,0.6778245,-3.3520126,-17.113276,-18.215313,-6.2896614,-3.12878,-20.186457,-0.17976959,-8.939124,1,-2.0818503,1.9643548,-2.1360064,2.4531956,-2.179521,1.8232946,-1.2654827,0.4433196,-72.475624,-65.773964,-87.9676,-125.69667,-145.18457,-147.52872,-141.46849,-151.42479,-142.54819,-113.63815,-111.20845,-69.88863,-45.29421,9030.339329,low
80,-463.35504,173.81741,23.090414,6.2889376,-4.990893,7.9404693,-17.972597,-2.7296405,-10.696075,7.1692653,-12.783486,-5.3296323,-12.404476,1,-1.0552967,0.42530465,-1.632566,1.50651,-0.5834657,0.9390376,-0.7487736,0.18041454,-86.52084,-96.49405,-122.18717,-140.8083,-169.12546,-170.794,-178.09845,-185.60126,-168.17883,-141.35385,-114.44125,-75.529335,-62.064407,12980.77781,medium
81,-414.111,136.16022,35.447227,11.63,-7.1541133,-1.4167829,-12.005658,-9.05884,-7.864995,-3.7989428,-12.489092,-2.1300142,-10.435181,1,-1.8162564,1.6313504,-1.8996605,2.0531201,-1.864434,1.5645189,-1.0224288,0.39406988,-82.435974,-86.12935,-107.81533,-134.58264,-155.7868,-161.77773,-161.90604,-155.62372,-140.67525,-111.30563,-96.25641,-63.451775,-41.833244,10080.20833,low
82,-423.23495,158.48839,9.608957,8.672795,-12.975435,17.09492,-15.78772,6.3335104,-24.198568,12.765116,-19.107914,-2.4963708,-15.216054,1,-1.3390313,0.762594,-1.5866264,1.8638761,-1.1060685,1.0276628,-1.0185074,0.42965353,-83.219826,-88.569885,-117.17589,-128.83766,-146.07826,-150.38985,-166.27356,-167.96298,-148.64064,-130.61363,-108.72562,-66.385056,-78.86174,10854.11642,low
83,-348.32214,142.03276,26.544146,8.446431,-13.642289,-6.092488,-20.24482,-12.207453,-8.44068,-9.945691,-11.106088,-2.1855056,-13.590377,1,-2.3758678,2.7452996,-3.3584855,3.6910768,-3.0251377,2.5905807,-1.7562153,0.50465,-74.53901,-60.88108,-75.33626,-105.50894,-131.99023,-138.71185,-142.58809,-136.6038,-132.60046,-101.768585,-89.081635,-65.0784,-41.322594,7517.467154,high
84,-460.19717,133.7638,52.724884,6.85895,-10.9709835,-1.8787014,-5.921654,-5.5312443,-7.8439703,-7.905353,-8.256894,-4.9052167,-8.133867,1,-1.7643747,1.5452815,-2.100004,2.1689858,-1.6727182,1.614762,-1.0867624,0.3193151,-91.02558,-101.867035,-125.20232,-150.73735,-170.57484,-184.85254,-186.29065,-169.76001,-147.4534,-116.82274,-91.68732,-63.560837,-35.88448,12226.77083,low
85,-378.75424,130.12134,34.423347,19.214294,-12.916809,3.094303,-18.702957,-6.994097,-7.3252163,-5.5212526,-14.925496,-3.1600778,-7.3472853,1,-1.6951355,1.6110277,-2.1048374,2.0159633,-1.6793294,1.5187958,-0.98636687,0.3618515,-74.55009,-73.44428,-94.50128,-124.980286,-144.42082,-153.87962,-146.69998,-144.00229,-129.553,-99.13133,-86.27367,-64.706085,-48.4696,8557.76055,medium
86,-338.69284,141.66612,5.6502514,13.0629635,-19.024374,9.919497,-17.26852,-13.189416,-5.8728957,-4.846664,-10.726222,-4.040398,-12.008344,1,-2.3867643,2.8829117,-3.255845,3.258282,-2.6509643,2.0062704,-1.1175832,0.28626117,-70.827126,-64.04849,-80.79173,-101.45835,-120.9711,-123.71785,-133.27542,-138.65353,-126.94885,-98.05855,-93.34962,-77.98813,-53.440716,7145.257004,high
87,-380.36224,140.57835,17.712347,8.458166,-12.78573,5.6834483,-18.999674,-15.3828535,-3.0899785,-7.747182,-12.400987,0.69243413,-13.449612,1,-2.3568528,2.853405,-3.3129404,3.426852,-2.8458612,2.1623907,-1.281452,0.383195,-80.73481,-77.417725,-93.43814,-118.82632,-139.32901,-141.04555,-146.97717,-149.24713,-142.4916,-101.638695,-96.61872,-73.060974,-46.565197,8690.633358,medium
88,-405.37424,164.44739,23.128439,-0.027403945,-11.330219,8.406287,-13.676708,-21.24835,-6.115045,-4.642283,-14.97457,1.2014405,-8.895023,1,-2.402248,2.4533958,-2.2281835,2.3188272,-2.2651694,2.1795518,-1.4707577,0.42505053,-80.18199,-79.175705,-94.0688,-126.39859,-142.46086,-149.46555,-162.68765,-173.10855,-155.08237,-114.00459,-108.58557,-74.588165,-45.97045,10151.99818,medium
89,-345.99954,138.3842,-2.084168,27.025972,-11.738125,1.3315893,-27.885359,-13.472273,-9.572934,0.14409474,-17.640076,-1.3333907,-8.980764,1,-2.894949,4.199308,-4.853197,4.9850445,-4.3075356,3.1118217,-1.703222,0.48483345,-75.38951,-66.97698,-79.077576,-111.27688,-132.0417,-127.99586,-120.730576,-131.70311,-125.7765,-103.691605,-102.15649,-76.134735,-61.932,7387.204616,high
90,-370.53555,160.3924,11.907344,10.918958,-4.7399044,7.8707185,-18.01362,-17.45184,-6.9103346,-7.910288,-12.786831,-4.19458,-6.1828833,1,-2.1945522,2.6742413,-3.395937,3.4356499,-2.6909437,2.0525541,-1.1424003,0.28982177,-71.45548,-65.86635,-84.88499,-119.4507,-131.91873,-136.25868,-141.59818,-155.1482,-144.73259,-114.931114,-102.84691,-79.1999,-48.077957,8653.605433,low
91,-338.31265,143.75166,2.452954,13.604999,-12.319162,6.06217,-28.861776,-16.261393,-2.0135882,-6.9994164,-12.745618,0.68742704,-18.662754,1,-2.4642756,2.990866,-3.3366964,3.5080771,-3.0589085,2.451855,-1.5315076,0.46562824,-74.778336,-61.51274,-77.230354,-101.023254,-128.24365,-120.7794,-126.149635,-134.19498,-138.43275,-97.0981,-96.203,-77.060005,-53.613693,7172.453113,low
92,-325.7563,141.02437,-4.013813,13.727313,-18.0448,3.9208107,-25.79988,-13.396827,-3.531776,-7.942813,-9.837824,2.4973638,-18.186266,1,-2.1028879,2.122768,-2.3585794,2.568703,-2.162962,1.7906253,-1.225991,0.41113418,-73.592186,-62.458916,-72.83063,-93.943825,-120.03343,-115.92842,-124.99095,-125.93454,-132.40584,-95.54065,-95.8903,-79.04468,-55.012108,6679.947076,medium
93,-327.37692,140.34167,0.74139345,12.726353,-19.893875,5.037901,-23.207493,-20.171926,-4.803951,-7.492591,-13.095508,1.3416262,-17.89479,1,-2.461435,3.0421796,-3.3675604,3.4214473,-2.9743562,2.3345118,-1.3226779,0.35737008,-75.924065,-60.18518,-71.99854,-96.67067,-120.62163,-116.70117,-127.506256,-131.70453,-129.40216,-91.36627,-97.27405,-77.468285,-52.23633,6724.858076,low
94,-389.47336,157.78026,20.93118,11.691306,-35.448807,22.148718,-23.587381,-13.284805,-1.480911,0.7216772,-7.1349564,-1.57661,-12.571322,1,-1.72883,1.5579333,-2.1341817,2.0468554,-1.4840263,1.4798898,-0.90553534,0.20212683,-75.24091,-79.264824,-91.51902,-111.34444,-143.16484,-145.39038,-161.13702,-167.55017,-143.74771,-98.52554,-94.08124,-88.22907,-66.75761,9467.338896,high
95,-340.66302,139.02989,8.432228,11.491208,-19.431284,8.814658,-24.588392,-18.971554,-4.217078,-4.1986394,-11.972546,-0.67303616,-15.331811,1,-2.3845265,2.897109,-3.3566222,3.4538894,-2.8343277,2.1651928,-1.2415489,0.32873222,-75.51671,-64.93731,-77.35113,-102.13133,-127.453415,-122.7025,-131.98198,-139.92677,-130.93486,-92.368515,-92.75908,-75.476326,-52.993866,7181.837812,low
96,-333.65976,143.9523,-1.2840533,17.218061,-10.777574,3.5003393,-29.045115,-18.276619,-0.38547426,-9.946484,-16.322006,3.4978445,-18.034866,1,-2.6815255,3.6118002,-4.092459,4.170991,-3.5978127,2.7209969,-1.5393239,0.42900562,-74.763435,-59.31529,-74.42862,-101.949486,-125.90634,-120.59137,-121.14212,-129.66577,-138.88318,-94.91896,-100.869576,-78.54492,-52.835835,7022.301011,low
97,-317.04886,144.69803,3.4627447,16.81989,-11.96707,0.95643437,-23.919634,-25.241184,-6.977987,-8.681725,-14.086049,-2.3835196,-15.261613,1,-2.5352733,3.1662757,-3.303217,3.1582513,-2.788787,2.2217422,-1.222837,0.32766506,-72.00856,-49.71905,-64.5981,-98.619125,-120.8229,-114.39461,-121.13593,-130.48752,-126.35962,-95.034615,-98.35771,-76.46307,-46.974842,6461.308568,low
98,-327.3524,142.31699,-1.2684612,12.89811,-15.246705,5.662933,-24.070904,-18.687325,-3.2474556,-8.355896,-12.117277,2.0951743,-20.149931,1,-2.314797,2.738884,-3.0733795,3.0741298,-2.5415685,1.9991838,-1.1895992,0.34022996,-74.19757,-59.06211,-73.93394,-96.64542,-121.43254,-114.61653,-125.905556,-129.95691,-133.6808,-93.517456,-98.106094,-77.91662,-51.735687,6758.112632,low
99,-374.90424,143.39404,14.128686,10.808708,-10.792303,4.378484,-17.7655,-19.483803,-1.0374945,-8.010027,-13.201884,0.9003014,-12.276968,1,-2.362129,2.6218097,-2.6075013,2.6150236,-2.4688544,2.1663704,-1.2899971,0.34558204,-78.72915,-74.75957,-90.24188,-118.065956,-137.67416,-138.2898,-142.57874,-148.6029,-141.59973,-101.427246,-101.14402,-75.903854,-44.314102,8521.187989,high
100,-375.92618,155.53479,10.253332,12.426456,-14.398892,9.894084,-20.796167,-14.603584,1.9801623,-9.255632,-10.795541,2.9918048,-14.204735,1,-2.347079,2.5803246,-2.7780995,2.979906,-2.5360293,2.0195003,-1.2928312,0.3944006,-74.02477,-73.15218,-89.69928,-113.822586,-136.52666,-138.50664,-145.58096,-150.28525,-150.07909,-103.905624,-102.870895,-84.10542,-52.222023,8790.435754,high
101,-465.87204,160.83272,21.040926,13.46017,-22.831821,13.409649,-9.720429,-9.25476,-1.3896677,-4.8644767,-8.242146,-3.6194832,-6.137748,1,-2.4553757,2.795709,-2.7530987,2.6457167,-2.4709954,2.228762,-1.2655258,0.2875251,-89.63654,-106.25829,-124.46118,-144.83824,-163.04745,-175.84656,-182.46426,-182.11618,-158.73126,-123.316864,-111.11488,-93.37625,-57.66134,12860.63692,high
102,-341.78555,156.7583,-8.340446,21.958252,-11.254467,7.244314,-20.632751,-21.23141,-3.0781424,-9.631949,-20.587605,-6.369193,-12.976827,1,-3.0292203,4.487323,-4.999632,4.8528876,-4.2149177,3.2280447,-1.838188,0.5243904,-74.86442,-54.850597,-79.41527,-106.42348,-121.51754,-123.66239,-122.606384,-140.68228,-135.34537,-105.11108,-110.67311,-88.93219,-55.49811,7527.591827,low
103,-320.8475,139.6986,-5.658421,15.395346,-18.609386,2.30717,-23.555979,-21.517496,-0.16197658,-8.936379,-11.531958,2.7114305,-18.783194,1,-2.82826,3.9799323,-4.448597,4.451117,-4.007804,3.224547,-1.8556256,0.5085293,-74.743004,-60.277977,-70.135574,-93.22966,-119.54408,-113.147995,-121.57555,-125.94133,-129.53485,-90.13139,-100.196915,-81.60167,-50.034004,6501.309159,high
104,-358.5585,141.26419,5.252544,9.528815,-18.18904,8.295074,-23.33433,-13.069378,-7.154827,-7.1868787,-17.606865,-0.07792091,-11.088715,1,-2.0112853,2.0898633,-2.5374932,2.674315,-2.14931,1.6701635,-1.0031606,0.30468157,-80.96565,-71.73798,-84.6951,-110.47056,-125.66109,-132.41339,-135.64012,-143.3925,-136.9494,-99.913376,-96.72567,-74.96011,-56.69013,7841.398172,high
105,-322.151,141.36191,2.3017383,16.927155,-22.816315,-1.3459115,-21.56213,-18.65153,-5.5370975,-8.049437,-13.223531,-2.157212,-17.09039,1,-2.6242595,3.4801102,-3.8109634,3.7292223,-3.325493,2.6841726,-1.5221946,0.417878,-75.43749,-56.16477,-68.54451,-93.01131,-120.38254,-120.69098,-126.981766,-127.703995,-123.38626,-93.182785,-97.74129,-78.72789,-51.129253,6565.811265,medium
106,-352.68222,133.493,3.6828294,22.345333,-14.3473835,-0.9086002,-15.444221,-22.482327,-2.6739812,-7.857183,-18.923496,3.7248244,-12.755238,1,-2.800953,3.779714,-3.8667166,3.6105514,-3.405519,2.9476173,-1.6660849,0.42201915,-78.99725,-69.716354,-83.71617,-113.949326,-130.37576,-131.34149,-129.87323,-132.84369,-127.17744,-92.52979,-107.52135,-76.83043,-47.07321,7530.960652,low
107,-345.68402,136.99359,1.4128323,19.45455,-14.409219,-2.150189,-15.816024,-23.703537,-2.2862246,-8.678663,-20.092796,1.5687029,-9.807646,1,-3.1498582,4.8038955,-5.331693,5.0899687,-4.469575,3.5523815,-2.0307987,0.5520389,-78.54518,-67.041985,-78.908035,-110.48105,-125.17439,-129.88356,-126.18826,-134.20868,-126.824265,-94.31624,-107.68024,-77.66087,-45.56115,7318.944889,medium
108,-338.9652,150.9326,1.550814,15.996913,-18.177017,3.311034,-19.388187,-22.549196,-4.540529,-6.8418856,-10.500876,-4.239359,-15.916391,1,-2.5635724,3.2427964,-3.5449657,3.5051126,-2.976635,2.3467178,-1.3600385,0.37080076,-74.697945,-59.105587,-74.413284,-100.11157,-125.90689,-121.764404,-132.63058,-139.28409,-130.44104,-100.67761,-102.72456,-84.27223,-50.031452,7304.890064,low
109,-355.34845,140.64247,9.776263,13.221463,-13.796628,3.6091774,-22.166746,-21.582838,-6.025292,-7.119534,-17.44628,4.481808,-13.849677,1,-2.575438,3.369197,-3.71948,3.6506724,-3.1565075,2.4021318,-1.2820894,0.33711955,-79.212364,-68.007904,-79.99829,-113.07102,-131.3772,-130.10687,-135.22061,-140.81668,-136.14911,-95.29344,-101.67896,-72.50783,-49.874268,7734.707477,low
110,-350.6591,141.97668,4.5317283,12.40236,-15.967966,2.9078104,-21.600939,-17.769682,-4.909249,-6.5848618,-14.781778,1.9071622,-15.871136,1,-2.5914674,3.3520699,-3.743617,3.8222523,-3.299306,2.514115,-1.417695,0.38641176,-78.88362,-67.889496,-80.75936,-106.26373,-128.58142,-127.49191,-134.0754,-137.93858,-135.20407,-98.028076,-101.05473,-75.50631,-51.39662,7564.174544,high
111,-336.71216,142.26414,3.4634483,8.495665,-19.752546,4.4004846,-23.754637,-20.185806,0.02726853,-11.375628,-10.2121525,2.8465388,-22.183857,1,-2.6686316,3.4759073,-3.7738469,3.7972078,-3.40559,2.8188703,-1.6917732,0.46777713,-78.40111,-63.052765,-75.68481,-96.329544,-124.7984,-119.69162,-133.20604,-133.44734,-137.87994,-91.00455,-96.62846,-79.374596,-47.965683,7079.006303,low
112,-422.78964,136.49626,37.743965,2.8637218,-15.787492,1.3763212,-12.101571,-13.074485,-4.1792436,-7.3032475,-8.251324,-5.4288664,-10.623163,1,-2.6243,3.4964526,-3.9956326,4.0147476,-3.4167936,2.6688316,-1.5380452,0.41499645,-89.04568,-91.70391,-109.0083,-132.12741,-155.87357,-163.85188,-169.61398,-164.38898,-143.89018,-108.5516,-91.325424,-69.07492,-38.072227,10448.66897,medium
113,-359.27142,144.16266,9.474547,13.893286,-11.130194,0.8267965,-26.110273,-16.575628,-4.550166,-11.545799,-14.846637,4.116119,-21.3025,1,-2.5867052,3.198746,-3.326326,3.4022408,-3.1982322,2.6984172,-1.6456159,0.47895616,-81.224525,-65.332954,-83.05604,-110.879295,-136.05083,-131.67868,-137.56473,-135.60953,-144.15259,-99.39055,-100.64094,-74.43186,-50.19226,7936.555567,medium
114,-356.6493,150.88022,15.539899,11.837548,-17.647606,-4.5587406,-18.145061,-17.866776,-3.4318006,-10.244022,-9.076148,-1.4562325,-15.040521,1,-2.954525,4.2343073,-4.630081,4.54402,-4.091615,3.3539906,-2.0370708,0.6037852,-76.509384,-64.79723,-77.256966,-104.879745,-133.71147,-136.99771,-144.2918,-140.93102,-136.6735,-103.59915,-99.95668,-78.273155,-43.28116,7949.597665,high
115,-368.56516,142.94537,14.718982,9.580372,-15.315067,-3.3984652,-18.82164,-19.831692,0.21784592,-8.835848,-13.184881,3.1763666,-14.550715,1,-2.496026,3.007597,-3.0398388,2.972268,-2.8715336,2.5501437,-1.5063251,0.41355664,-80.948654,-74.075455,-84.011505,-111.14569,-137.34198,-139.63109,-142.73494,-143.385,-140.39949,-98.964066,-102.34091,-74.53073,-42.0925,8260.049967,high
116,-349.99088,142.82806,12.512568,13.362093,-16.490473,5.6389694,-23.889074,-23.611897,-2.360499,-9.168371,-13.557717,0.33502558,-16.84895,1,-2.5844707,3.2950547,-3.5756965,3.5342002,-3.0853467,2.487462,-1.4362142,0.38663957,-78.00226,-63.012146,-78.20533,-108.030365,-132.6796,-128.11945,-135.61221,-141.85144,-136.18698,-92.687805,-97.09181,-77.437935,-47.792267,7587.473109,medium
117,-334.4496,168.84636,-3.0541632,19.423359,-14.504932,7.2872515,-24.26218,-32.108204,1.1760837,-13.742919,-18.368431,6.1215944,-11.037228,1,-3.130533,4.7105865,-5.2122517,4.9486246,-4.228409,3.2809513,-1.8507051,0.49428946,-68.969475,-51.840042,-62.346016,-105.232544,-120.78371,-121.31137,-126.57263,-144.08603,-144.80383,-96.74773,-115.384766,-92.22271,-51.803764,7538.297093,medium
118,-359.98776,143.73135,19.453936,11.510742,-21.361328,-4.6575146,-10.289131,-20.195414,-7.81151,-8.735905,-9.153206,-0.44304892,-18.906454,1,-2.65275,3.3297286,-3.3800378,3.270511,-3.0739503,2.706931,-1.5997686,0.4205655,-79.55655,-66.44347,-81.759186,-106.7957,-134.41388,-136.28983,-152.25696,-140.3653,-129.55527,-98.98353,-101.04111,-74.11403,-41.065365,7961.04905,low
119,-340.5238,148.4417,-1.5328972,27.599567,-16.79973,9.32289,-23.206572,-25.822687,-3.5462897,-5.743272,-16.992878,-0.024687722,-12.381766,1,-2.2580748,2.6127195,-2.8054075,2.6544108,-2.2302742,1.7157533,-0.8784195,0.21920882,-72.44673,-58.774284,-75.06879,-109.47667,-128.38228,-122.515854,-125.070854,-138.79272,-129.27354,-94.26572,-107.33565,-87.415115,-57.757256,7381.839622,high
120,-365.9928,150.2796,9.074841,19.962814,-17.569199,4.1577644,-18.78922,-24.897987,-3.3411891,-5.741847,-12.174784,3.2614727,-17.38076,1,-2.1007419,2.29268,-2.388518,2.3055098,-2.2371671,1.9592822,-1.156475,0.36814636,-77.42264,-68.14294,-82.7953,-113.36231,-139.47646,-132.33658,-143.32419,-145.22629,-137.44803,-98.25255,-108.72791,-83.06702,-51.080177,8322.340089,medium
121,-332.95374,147.46338,-0.30150715,13.7520075,-12.975662,12.53866,-27.36925,-31.555109,-6.185769,-4.7230215,-15.121329,4.3673563,-22.145971,1,-2.6381829,3.224607,-3.2220802,3.2460356,-3.0348294,2.6278892,-1.6658988,0.48545808,-76.329506,-56.04997,-71.62128,-104.08303,-127.367065,-108.49403,-127.1346,-140.76402,-137.00128,-90.05905,-103.94875,-78.381454,-54.14136,7082.738273,medium
122,-411.814,148.069,24.472553,7.7509246,-18.720694,2.029382,-9.5867,-12.8118925,-8.25534,-4.3234153,-11.743846,-4.1308393,-6.2853007,1,-2.4364107,3.0908422,-3.4293568,3.3259885,-2.883677,2.2519417,-1.2367319,0.34450266,-84.688896,-87.76671,-101.8439,-128.06454,-145.85556,-158.77322,-164.76859,-163.54193,-140.52316,-113.99987,-102.18894,-75.15556,-46.97996,10121.82633,medium
123,-334.26254,147.3173,0.3856721,16.010494,-13.530745,5.1723275,-27.02053,-16.205618,-3.0302546,-11.394832,-15.319604,7.5739603,-21.813206,1,-2.469405,3.0153494,-3.3108766,3.4362051,-3.0686605,2.4637039,-1.4569746,0.4153786,-73.80774,-58.11878,-74.30657,-100.908875,-124.47029,-119.97783,-128.41058,-128.49841,-141.631,-93.956116,-101.893845,-77.87318,-55.20888,7104.664987,low
124,-368.75327,142.10202,11.765566,7.2420535,-11.324455,3.482484,-19.963419,-17.890196,-2.6927435,-9.259035,-12.8334465,2.6243677,-16.908478,1,-2.9523764,4.2862782,-4.8479047,4.9467106,-4.51124,3.6177266,-2.1186233,0.5994772,-81.09953,-73.18084,-88.478935,-113.44655,-135.10886,-133.66095,-142.20987,-144.10208,-143.50946,-100.431,-99.59906,-73.39027,-45.220436,8246.274458,medium
125,-419.60632,130.86166,37.15841,2.5159156,-11.886942,4.0915413,-11.512291,-9.7547245,-6.011699,-7.2920265,-9.541565,-5.5283203,-11.033305,1,-2.311224,2.5040474,-2.7638626,3.0648193,-2.5431094,2.0033793,-1.3430014,0.41580027,-88.06965,-91.21233,-112.66854,-133.84375,-153.21446,-161.11185,-166.64638,-161.15416,-142.50958,-107.88945,-88.144714,-64.93888,-38.811653,10219.22279,high
126,-386.0378,138.06738,15.234041,9.541547,-8.830142,3.626526,-20.805965,-13.436491,-4.0944347,-8.709007,-13.325055,0.62432414,-16.846571,1,-2.3472772,2.667366,-2.8734884,3.0527508,-2.7693968,2.3302903,-1.4953377,0.46155888,-84.58946,-78.642265,-98.04011,-121.51161,-142.79285,-141.49748,-146.02997,-145.99353,-145.20903,-104.42645,-97.771194,-71.674995,-47.07063,8862.418564,high
127,-379.02866,128.55597,15.12725,7.70276,-7.5955663,5.20351,-16.972067,-17.499157,-6.5866914,-2.837208,-18.673407,-7.1310434,-3.5326877,1,-2.5069647,3.0323513,-3.022356,2.9626484,-2.8928416,2.4398932,-1.4012985,0.40608817,-84.11113,-80.84601,-96.679436,-125.06494,-135.36037,-140.9656,-135.62575,-152.69585,-130.74347,-103.79869,-94.097885,-66.71043,-44.094116,8432.208411,low
128,-359.6937,148.05597,5.1765814,11.466429,-14.728229,9.551015,-21.921167,-23.561764,-2.0770204,-8.680902,-15.391522,4.6889434,-16.022327,1,-2.761777,3.8096604,-4.2787657,4.3425565,-3.891818,3.107017,-1.8203228,0.5158065,-78.52825,-68.555405,-82.58517,-112.02717,-130.7107,-127.22263,-137.5444,-146.10825,-143.11624,-95.89791,-104.53794,-79.97021,-51.200928,8025.641935,high
129,-355.25635,143.16605,10.210036,10.586756,-12.818884,6.4299603,-22.127058,-21.557966,-0.83083457,-13.711252,-13.111416,3.228592,-18.675526,1,-2.4719012,3.0453184,-3.3661318,3.4189472,-2.990752,2.3973224,-1.3895538,0.37936553,-78.8972,-65.444115,-82.70773,-110.575455,-131.05634,-128.14755,-137.63239,-140.07886,-142.85889,-94.06184,-98.37866,-77.87076,-45.427986,7774.751539,medium
130,-379.12073,145.78708,8.34611,13.24202,-26.104172,4.407506,-8.718029,-13.636678,-10.015745,-3.8540418,-12.09353,-5.1868186,-8.011253,1,-2.1984198,2.7495255,-3.1385095,2.8472545,-2.3468502,1.6623561,-0.716929,0.18289682,-81.8067,-79.325356,-92.44671,-114.44867,-130.7324,-142.60785,-152.27835,-151.25131,-128.25168,-107.78462,-103.77762,-81.74615,-53.899208,8711.842174,low
131,-296.05164,138.96791,-14.188127,28.377491,-13.473562,8.723292,-24.774458,-7.6924977,-14.631957,-2.3816836,-11.700149,-4.7076793,-6.6535797,1,-2.5288112,3.2075386,-3.4265094,3.3691492,-2.9176064,2.260248,-1.3732913,0.43782693,-61.06878,-51.042194,-65.07133,-94.362076,-106.66137,-105.2207,-107.214355,-116.19937,-112.382416,-101.58027,-93.03429,-80.04232,-66.25676,5744.846976,medium
132,-366.89713,134.93275,13.4557085,15.134794,-20.139921,4.366169,-12.600827,-19.996954,-4.9403734,-5.4877396,-11.762602,-2.5924532,-9.774753,1,-2.650703,3.6120605,-4.161423,4.165015,-3.471485,2.4907694,-1.2826757,0.3218556,-79.40626,-75.59642,-88.85722,-115.34697,-133.67082,-136.78525,-143.19054,-145.22676,-126.30185,-96.7108,-98.31825,-77.420685,-46.370544,8079.723918,low
133,-363.33313,143.06874,8.348586,10.643923,-12.229624,7.5065193,-21.315123,-19.314287,-6.2235026,-4.6265774,-15.309111,-2.4241304,-11.321979,1,-2.2864854,2.5264683,-2.7381332,2.854264,-2.3816068,1.8258495,-1.0937948,0.3193376,-79.46905,-70.673515,-86.06947,-114.3649,-132.1428,-131.00748,-136.18704,-148.24167,-136.58023,-102.3681,-99.181625,-74.982025,-50.865044,8057.398426,high
134,-398.5032,132.45097,14.694561,20.01066,-19.116777,11.260188,-12.098412,-8.543687,-10.726151,-0.18249904,-15.850786,-5.481012,-7.1634912,1,-2.4116988,2.770434,-2.9112825,3.0646396,-2.790522,2.252327,-1.4269316,0.4657597,-82.99692,-86.34946,-107.86176,-129.6486,-142.08804,-149.76584,-150.97919,-152.97205,-128.2724,-105.72992,-98.42485,-75.588554,-59.06268,9327.917611,high
135,-348.0654,144.90184,0.33066982,19.804728,-14.152645,7.234005,-25.005836,-18.72612,-4.38908,-8.433436,-13.454773,0.46893772,-17.535784,1,-2.3119175,2.5644488,-2.8153963,3.0134552,-2.5885153,2.071013,-1.3103435,0.40149724,-76.83233,-63.27754,-80.98653,-108.25228,-130.36926,-123.78646,-130.29767,-135.77448,-136.26025,-98.29006,-101.5595,-82.41579,-55.638134,7546.864281,low
136,-423.93475,175.76523,16.69171,5.0720973,-20.308943,15.911561,-7.967717,-14.529194,-17.318714,7.461855,-14.255903,3.8483613,-9.035202,1,-2.3446918,2.6551135,-2.938353,3.0682518,-2.6049335,2.098224,-1.2373769,0.32046342,-78.37902,-86.82037,-101.38199,-129.71164,-144.95268,-151.29565,-177.50873,-182.06049,-152.67667,-123.81929,-119.15637,-77.894394,-65.30913,11208.25879,low
137,-416.14194,160.15652,18.101402,3.3732586,-13.690709,5.27533,-5.723362,-14.467341,-15.837425,2.750918,-11.422966,2.5576723,-9.012199,1,-2.4480424,2.8129594,-2.9990067,3.1841989,-2.8297074,2.2804465,-1.3331932,0.35020164,-81.56335,-88.78989,-101.48625,-129.52834,-144.44406,-150.02579,-171.10947,-169.40591,-146.55179,-122.25271,-113.523895,-71.52751,-52.041553,10520.23614,high
138,-501.53934,153.97133,33.576023,4.886237,-13.146934,4.865565,-5.6712728,-9.506814,-13.145973,-0.871213,-7.1373644,-1.8789206,-8.445417,1,-2.386165,2.6564386,-2.8235593,3.019007,-2.7126873,2.2746494,-1.4220581,0.40826094,-100.96767,-118.85139,-136.38483,-161.84872,-178.82205,-185.43176,-199.80788,-189.46739,-162.76862,-134.79498,-112.47579,-76.75229,-50.141838,14525.80626,low
139,-405.46954,163.96512,12.398436,4.824647,-10.590732,8.853993,-10.673957,-11.076798,-17.05261,-1.8340222,-13.948596,0.43764785,-9.798869,1,-2.092344,2.0968633,-2.606272,2.9257555,-2.1826217,1.7291658,-1.2842964,0.43309215,-80.42189,-80.80515,-99.120636,-127.62456,-137.97278,-145.55502,-163.83127,-165.21445,-149.93396,-124.25403,-111.272156,-74.15091,-56.663795,10116.66606,low
140,-415.34485,165.85709,15.758022,6.6790133,-16.955063,6.4224586,-8.700895,-14.774257,-19.158155,3.841167,-13.995894,0.08923963,-8.617875,1,-2.4951708,2.9480958,-3.1819751,3.3632922,-2.972812,2.3084576,-1.262086,0.30781367,-82.89994,-84.84003,-98.63193,-129.02843,-144.17302,-150.60785,-170.54062,-171.7283,-145.57431,-124.64372,-115.60661,-74.63977,-58.595715,10592.162,low
141,-407.07492,162.951,18.412798,1.1849872,-15.200602,3.8951406,-5.838666,-14.883542,-18.2426,-0.93169945,-11.681922,3.7279294,-9.656804,1,-2.5321841,3.0854256,-3.506018,3.7785559,-3.2712922,2.6071105,-1.5899588,0.44515234,-81.35756,-83.76729,-95.2884,-126.30438,-139.012,-147.65845,-171.71573,-166.50076,-146.8675,-121.46582,-112.698395,-70.94634,-51.18031,10176.60692,low
142,-413.99988,151.13614,5.304851,6.5012293,-13.707988,7.474571,-9.207524,-14.1141405,-16.041729,0.54962784,-10.23692,0.5348371,-9.144589,1,-2.578244,3.1494396,-3.381279,3.501906,-3.208034,2.5127559,-1.140238,0.15144427,-87.35183,-93.39068,-105.092285,-130.93047,-141.97945,-143.43602,-162.73605,-162.75357,-143.78197,-121.72276,-111.91072,-76.97319,-55.685234,10223.71257,high
143,-353.11664,153.94588,10.847416,9.388805,-18.73307,9.051688,-15.322759,-19.742895,-18.633778,-0.8597775,-9.327954,-2.9566648,-5.3384953,1,-2.4535894,2.8833141,-3.2266889,3.3742533,-2.7803483,2.2005212,-1.3756146,0.39736056,-72.33242,-66.0092,-74.326126,-111.5981,-124.243744,-126.18053,-145.93776,-152.2448,-127.88905,-108.94542,-98.979675,-75.3271,-55.02954,7884.211059,medium
144,-417.73196,178.05223,17.41586,9.41967,-7.8829284,-0.8388263,-13.285424,-17.805601,-18.258785,1.1904608,-12.965807,-0.8482473,-6.537994,1,-2.8647468,3.8022432,-4.104381,4.3470106,-3.9602883,3.099471,-1.8530421,0.5460362,-80.45298,-79.065445,-91.92309,-132.1542,-150.04935,-153.93527,-167.97787,-172.85239,-153.06592,-134.26483,-120.250626,-76.934654,-54.018803,10937.7043,medium
145,-394.71857,161.36787,16.223625,3.915063,-17.758404,7.965513,-9.131898,-11.776281,-16.768284,2.3846881,-11.792535,2.0826056,-11.620789,1,-2.2323859,2.334864,-2.5074997,2.6307497,-2.2744691,1.9786992,-1.2418613,0.3310319,-77.55468,-79.63656,-93.8439,-119.337296,-136.72456,-142.82098,-165.76587,-163.3858,-143.30313,-117.68576,-108.90456,-71.62944,-56.92904,9639.147297,medium
146,-510.18643,157.5972,10.603508,21.018814,-22.942495,8.862207,-7.5752378,-5.5183997,-15.736063,1.1812453,-5.499989,-3.758571,-7.867115,1,-2.1709223,2.2983117,-2.5370026,2.7294295,-2.3387723,1.8174267,-1.1714792,0.39133996,-105.34348,-126.01889,-142.03899,-163.66008,-179.44846,-183.78175,-196.97437,-184.67395,-158.14555,-141.05438,-122.70485,-95.885574,-68.94826,15013.62597,low
147,-443.1278,170.93457,16.278158,12.283736,-21.239626,17.680498,-11.226416,-15.263364,-18.954443,9.725581,-14.111194,2.3833284,-10.665567,1,-2.288696,2.58632,-2.8282797,2.891885,-2.507973,1.9848127,-1.0821614,0.26624006,-84.67569,-93.42291,-110.155365,-139.23648,-156.70267,-156.23212,-180.55637,-184.53421,-152.30927,-124.84146,-120.376434,-81.02756,-70.82332,11996.69215,high
148,-410.01767,148.94884,1.1894022,30.738625,-9.658915,8.261789,-13.471598,-9.360594,-16.725508,-3.3316746,-10.996084,-5.1295795,-9.955111,1,-2.3528426,2.5146112,-2.7081356,2.9808784,-2.449184,1.9044471,-1.2721602,0.395309,-83.06859,-83.52869,-108.83165,-138.11185,-148.47632,-146.25757,-152.83897,-149.7166,-136.67694,-123.45267,-111.994576,-87.35649,-64.11951,10085.95325,high
149,-450.61615,132.08194,13.902637,21.46733,-9.827038,-0.064938895,-8.948766,-7.3225746,-14.626462,-4.518618,-2.2098553,-5.4963837,-11.0213995,1,-2.1586485,2.4894333,-2.8331442,2.829966,-2.3779812,1.7189949,-0.94824934,0.31032002,-96.296036,-107.194016,-126.29407,-149.79803,-165.9864,-161.91612,-170.89423,-154.53036,-139.93117,-126.48561,-104.9979,-81.03017,-50.99199,11586.37693,medium
150,-438.5596,122.682846,20.12329,18.449038,-14.592203,3.278435,-13.52038,-6.0487256,-14.144921,-4.2302756,-8.597836,-4.170822,-11.215049,1,-1.6880177,1.6789472,-1.8858604,1.8021622,-1.884428,1.4544804,-0.87823427,0.4466012,-97.22402,-103.90939,-122.89676,-145.87172,-161.32784,-161.86745,-165.99062,-152.69148,-136.34703,-114.51543,-96.64816,-73.25003,-53.58325,10891.44597,high
151,-380.35336,160.38322,9.972819,6.849834,-7.8791785,6.158064,-13.741749,-14.185835,-19.06591,0.84465384,-11.896133,-1.2718636,-8.4808655,1,-2.3139348,2.6542783,-3.0772307,3.240748,-2.6504416,2.1441748,-1.3894832,0.41436344,-75.62402,-72.940956,-87.81758,-120.55391,-133.31792,-134.45403,-152.36392,-157.56091,-141.01378,-122.01262,-107.48195,-71.368,-54.892265,9021.995907,medium
152,-522.4116,161.2346,34.829052,6.243629,-13.52269,6.0936785,-7.619823,-9.03404,-11.150309,1.3904753,-8.764274,-3.3069732,-6.680497,1,-1.9611853,1.9117728,-2.3351443,2.5085921,-2.068852,1.7546394,-1.1573364,0.36981115,-103.36804,-124.14511,-142.3589,-167.81805,-187.06137,-194.85123,-204.78375,-199.53418,-169.48544,-140.52774,-116.921684,-80.632645,-53.852077,15785.9011,medium
153,-478.55743,149.22763,29.27199,9.125915,-11.470731,3.1926024,-6.0326314,-11.47654,-14.983716,1.8620242,-8.05215,-3.7284794,-6.8448925,1,-2.0036063,2.1025538,-2.4639964,2.457607,-2.0393808,1.5995468,-0.8602581,0.24074785,-96.64719,-111.62131,-128.57138,-156.14838,-172.6504,-176.1903,-188.08685,-181.58734,-152.19308,-131.70375,-111.228065,-74.74185,-50.083145,13258.84823,low
154,-372.28754,160.76376,11.414792,11.425142,-9.023662,6.463014,-12.578533,-18.943537,-16.27508,3.2918863,-17.974874,1.3567636,-10.279956,1,-2.4995437,3.0901158,-3.533735,3.7329917,-3.231096,2.4877546,-1.3907647,0.36177248,-72.8454,-67.18521,-84.80108,-118.52316,-133.07718,-133.54173,-148.22623,-157.20047,-137.95149,-114.10574,-112.82733,-70.12086,-55.38561,8739.146749,low
155,-385.82858,154.80258,16.150745,9.574168,-19.95231,10.306115,-11.174222,-19.88262,-15.091379,2.879101,-12.788078,1.7043542,-9.540094,1,-2.2064385,2.319828,-2.6142356,2.7961633,-2.34757,1.9246655,-1.147932,0.29800197,-77.336365,-77.33806,-89.22524,-120.93162,-137.2863,-138.51833,-158.89413,-162.3227,-135.97508,-108.518845,-107.61239,-74.207405,-56.27411,9177.999619,high
156,-510.79642,163.45041,32.36577,8.169019,-15.677791,6.501232,-10.849398,-9.596353,-12.855413,1.4487038,-10.882355,-0.22505078,-9.011263,1,-1.9585696,1.8865597,-2.2434082,2.367584,-1.9290903,1.6255038,-1.0144082,0.2904828,-102.053444,-118.64933,-135.81808,-163.5087,-183.76105,-190.23547,-201.56737,-195.29945,-169.07391,-137.08484,-118.253174,-80.27397,-58.301598,15194.59775,low
157,-500.04242,151.2245,37.991074,1.5588129,-17.774296,3.394908,-6.3502936,-8.501331,-15.015093,-0.6075431,-3.9325213,-2.9791696,-9.405677,1,-1.887372,1.8472875,-2.3011265,2.3609064,-1.933618,1.5484611,-0.797006,0.18207273,-102.74131,-119.777084,-134.22984,-158.48409,-179.35428,-185.92621,-204.05145,-189.12915,-160.1821,-133.51602,-107.043564,-74.69026,-49.329517,14409.86317,high
158,-492.60178,164.30647,31.710608,5.7530875,-21.651495,12.134989,-6.6845217,-10.60896,-14.799097,3.8594258,-8.458623,-0.2215521,-6.901789,1,-1.9273608,1.8216771,-2.3928037,2.5826066,-1.8965625,1.5901871,-1.0382364,0.27542263,-95.45372,-114.43355,-129.06143,-155.76662,-173.42152,-181.65521,-201.28006,-195.56607,-161.4801,-132.11528,-114.95552,-80.74803,-59.941666,14286.85003,high
159,-516.9169,173.39835,25.692755,13.678298,-19.658072,3.1769176,-5.1196027,-9.95909,-13.847371,-3.578408,-6.686307,-2.2343578,-7.5829268,1,-2.2984385,2.5282872,-2.7033281,2.8147979,-2.4859612,2.0413587,-1.229629,0.35311812,-102.518776,-118.79417,-135.50064,-164.54465,-182.35428,-193.34647,-207.75311,-194.40466,-168.87228,-144.8147,-125.80847,-92.60616,-58.396385,15694.45428,low
160,-422.05914,166.80647,19.964766,3.774954,-15.131527,9.352463,-8.119887,-14.463197,-15.37409,3.6046357,-11.420238,1.1464527,-6.6301866,1,-2.3129761,2.5780509,-2.851184,3.0004034,-2.5660818,2.0493164,-1.1784592,0.30143267,-80.02896,-88.54671,-101.354004,-131.44934,-146.34482,-153.10504,-173.41331,-176.43623,-150.03094,-124.44968,-113.219666,-74.90193,-55.723892,10922.11391,low
161,-391.87488,172.84444,18.925035,-0.9928301,-19.90061,7.551041,-4.7354,-14.722879,-19.02867,0.8214211,-12.682264,3.1006792,-9.44859,1,-2.442439,2.8388886,-3.2010198,3.4179163,-2.8787417,2.3257985,-1.4210105,0.37575206,-74.924324,-74.99099,-87.28362,-117.14671,-130.87134,-143.4152,-171.84866,-169.4432,-145.62123,-120.24146,-112.91762,-72.090706,-54.65078,9753.581127,high
162,-417.37732,170.5255,29.066133,1.1515296,-24.154623,8.5462885,-8.087606,-12.692621,-20.86379,-4.702802,-11.985266,-1.3875178,-8.488053,1,-1.9905179,1.9095088,-2.2993045,2.4014463,-1.8793182,1.6292467,-0.93119204,0.18684652,-83.32989,-79.99431,-95.340485,-128.6073,-141.40526,-158.24492,-182.91858,-175.75952,-149.10646,-122.18053,-106.59536,-75.25346,-56.038982,10809.27192,medium
